{
  "data": {
    "environment": "AzureCloud",
    "subscriptionId": "3f9582cc-bcd7-4c17-9063-ab38965e3914",
    "subscriptionName": "Visual Studio Enterprise",
    "scopeLevel": "Subscription"
  },
  "name": "Visual Studio Enterprise (3f9582cc-bcd7-4c17-9063-ab38965e3914)",
  "type": "azurerm",
  "url": "https://management.azure.com/",
  "authorization": {
    "parameters": {
      "tenantId": "df64cfee-b682-451f-8617-b2466dd17f83",
      "servicePrincipalId": "42da5325-7329-4f65-8223-04f26b572893",
      "authenticationType": "spnKey",
      "servicePrincipalKey": "spnKey"
    },
    "scheme": "ServicePrincipal"
  },
  "isShared": false,
  "isReady": true,
  "owner": "Library"
}