{
  "Extensions": [
    {
      "extensionName": "Azure VM Image Builder DevOps Task (Preview)",
      "link": "<a href='https://marketplace.visualstudio.com/items?itemName=AzureImageBuilder.devOps-task-for-azure-image-builder' target='_blank'><b>Azure VM Image Builder DevOps Task (Preview)</b></a>",
      "publisherId": "AzureImageBuilder",
      "extensionId": "devOps-task-for-azure-image-builder",
      "publisherName": "Microsoft DevLabs",
      "License": "<a href='https://marketplace.visualstudio.com/items?itemName=AzureImageBuilder.devOps-task-for-azure-image-builder' target='_blank'>License Terms</a>"
    }
  ]
}