{
  "source": "userInterface",
  "revision": 8,
  "description": null,
  "createdBy": "{}",
  "createdOn": "",
  "modifiedBy": "{}",
  "modifiedOn": "",
  "isDeleted": false,
  "lastRelease": {
    "id": 42,
    "name": "Release-1",
    "artifacts": [],
    "_links": {},
    "description": "",
    "releaseDefinition": {
      "id": 6,
      "projectReference": null,
      "_links": {}
    },
    "createdOn": "2020-04-03T00:53:17.557Z",
    "createdBy": {
      "displayName": "Paul Yu",
      "url": "https://spsprodeus27.vssps.visualstudio.com/Adba6ead1-a50b-4319-961f-dcd6b1abcca6/_apis/Identities/73f88e34-781c-678b-a6e1-24d4e7ee6ebb",
      "_links": {
        "avatar": {
          "href": "https://dev.azure.com/paulyu/_apis/GraphProfile/MemberAvatars/aad.NzNmODhlMzQtNzgxYy03NzhiLWE2ZTEtMjRkNGU3ZWU2ZWJi"
        }
      },
      "id": "73f88e34-781c-678b-a6e1-24d4e7ee6ebb",
      "uniqueName": "paul@paulyu.work",
      "imageUrl": "https://dev.azure.com/paulyu/_apis/GraphProfile/MemberAvatars/aad.NzNmODhlMzQtNzgxYy03NzhiLWE2ZTEtMjRkNGU3ZWU2ZWJi",
      "descriptor": "aad.NzNmODhlMzQtNzgxYy03NzhiLWE2ZTEtMjRkNGU3ZWU2ZWJi"
    }
  },
  "variables": {},
  "variableGroups": [],
  "environments": [
    {
      "id": 10,
      "name": "Build Image",
      "rank": 1,
      "owner": {
        "displayName": "$OwnerDisplayName$",
        "url": "",
        "_links": "{}",
        "id": "$OwnerId$",
        "uniqueName": "$OwnerUniqueName$",
        "imageUrl": "",
        "descriptor": ""
      },
      "variables": {},
      "variableGroups": [],
      "preDeployApprovals": {
        "approvals": [
          {
            "rank": 1,
            "isAutomated": true,
            "isNotificationOn": false,
            "id": 29
          }
        ],
        "approvalOptions": {
          "requiredApproverCount": null,
          "releaseCreatorCanBeApprover": false,
          "autoTriggeredAndPreviousEnvironmentApprovedCanBeSkipped": false,
          "enforceIdentityRevalidation": false,
          "timeoutInMinutes": 0,
          "executionOrder": "beforeGates"
        }
      },
      "deployStep": {
        "id": 30
      },
      "postDeployApprovals": {
        "approvals": [
          {
            "rank": 1,
            "isAutomated": true,
            "isNotificationOn": false,
            "id": 31
          }
        ],
        "approvalOptions": {
          "requiredApproverCount": null,
          "releaseCreatorCanBeApprover": false,
          "autoTriggeredAndPreviousEnvironmentApprovedCanBeSkipped": false,
          "enforceIdentityRevalidation": false,
          "timeoutInMinutes": 0,
          "executionOrder": "afterSuccessfulGates"
        }
      },
      "deployPhases": [
        {
          "deploymentInput": {
            "parallelExecution": {
              "parallelExecutionType": "none"
            },
            "agentSpecification": null,
            "skipArtifactsDownload": false,
            "artifactsDownloadInput": {
              "downloadInputs": []
            },
            "queueId": "$Default$",
            "demands": [],
            "enableAccessToken": false,
            "timeoutInMinutes": 0,
            "jobCancelTimeoutInMinutes": 1,
            "condition": "succeeded()",
            "overrideInputs": {}
          },
          "rank": 1,
          "phaseType": "agentBasedDeployment",
          "name": "Agent job",
          "refName": null,
          "workflowTasks": [
            {
              "environment": {},
              "taskId": "a4685136-7cb5-430c-9df5-032660332fe9",
              "version": "1.*",
              "name": "Azure VM Image Builder Task",
              "refName": "",
              "enabled": true,
              "alwaysRun": false,
              "continueOnError": false,
              "timeoutInMinutes": 0,
              "definitionType": "task",
              "overrideInputs": {},
              "condition": "succeeded()",
              "inputs": {
                "managedIdentity": "/subscriptions/3f9582cc-bcd7-4c17-9063-ab38965e3914/resourcegroups/py-aib-rg/providers/Microsoft.ManagedIdentity/userAssignedIdentities/pyaibmid",
                "imageSource": "marketplace",
                "customImageResourceId": "",
                "ImageVersionId": "",
                "baseImage": "MicrosoftWindowsServer:WindowsServer:2016-Datacenter",
                "baseImagePubOfferSku": "microsoftwindowsdesktop:office-365:20h1-evd-o365pp",
                "baseImageVersion": "latest",
                "provisioner": "powershell",
                "windowsUpdateProvisioner": "true",
                "packagePath": "$(System.DefaultWorkingDirectory)/_work/wvd",
                "inlineScript": "& 'c:\\buildartifacts\\wvd\\images\\scripts\\base-installs.ps1'",
                "storageAccountName": "pyaibsa01",
                "distributeType": "sig",
                "imageIdForDistribute": "",
                "galleryImageId": "/subscriptions/3f9582cc-bcd7-4c17-9063-ab38965e3914/resourceGroups/py-aib-rg/providers/Microsoft.Compute/galleries/pycoresig01/images/19h2-evd-o365pp",
                "managedImageLocation": "",
                "replicationRegions": "centralus",
                "ibSubscription": "b15915c4-6c33-4eaf-8c2a-1107c2ee75be",
                "ibAzureResourceGroup": "py-aib-rg",
                "ibLocation": "westus",
                "vmSize": "Standard_DS4_v2"
              }
            }
          ]
        }
      ],
      "environmentOptions": {
        "emailNotificationType": "OnlyOnFailure",
        "emailRecipients": "release.environment.owner;release.creator",
        "skipArtifactsDownload": false,
        "timeoutInMinutes": 0,
        "enableAccessToken": false,
        "publishDeploymentStatus": true,
        "badgeEnabled": false,
        "autoLinkWorkItems": false,
        "pullRequestDeploymentEnabled": false
      },
      "demands": [],
      "conditions": [
        {
          "name": "ReleaseStarted",
          "conditionType": "event",
          "value": ""
        }
      ],
      "executionPolicy": {
        "concurrencyCount": 1,
        "queueDepthCount": 0
      },
      "schedules": [],
      "currentRelease": {
        "id": 42,
        "url": "https://vsrm.dev.azure.com/paulyu/bdd9f35c-d2f0-4dbe-a8f7-6b4656d54bcc/_apis/Release/releases/42",
        "_links": {}
      },
      "retentionPolicy": {
        "daysToKeep": 30,
        "releasesToKeep": 3,
        "retainBuild": true
      },
      "processParameters": {},
      "properties": {
        "BoardsEnvironmentType": {
          "$type": "System.String",
          "$value": "unmapped"
        },
        "LinkBoardsWorkItems": {
          "$type": "System.String",
          "$value": "False"
        }
      },
      "preDeploymentGates": {
        "id": 0,
        "gatesOptions": null,
        "gates": []
      },
      "postDeploymentGates": {
        "id": 0,
        "gatesOptions": null,
        "gates": []
      },
      "environmentTriggers": [],
      "badgeUrl": ""
    }
  ],
  "artifacts": [
    {
      "sourceId": "bdd9f35c-d2f0-4dbe-a8f7-6b4656d54bcc:e116be14-d92e-428f-b092-bcf7510c4aee",
      "type": "Git",
      "alias": "_work",
      "definitionReference": {
        "branches": {
          "id": "master",
          "name": "master"
        },
        "checkoutNestedSubmodules": {
          "id": "True",
          "name": "Any nested submodules within"
        },
        "checkoutSubmodules": {
          "id": "",
          "name": ""
        },
        "defaultVersionSpecific": {
          "id": "",
          "name": ""
        },
        "defaultVersionType": {
          "id": "latestFromBranchType",
          "name": "Latest from the default branch"
        },
        "definition": {
          "id": "e116be14-d92e-428f-b092-bcf7510c4aee",
          "name": "work"
        },
        "fetchDepth": {
          "id": "",
          "name": ""
        },
        "gitLfsSupport": {
          "id": "",
          "name": ""
        },
        "project": {
          "id": "bdd9f35c-d2f0-4dbe-a8f7-6b4656d54bcc",
          "name": "work"
        }
      },
      "isPrimary": true,
      "isRetained": false
    }
  ],
  "triggers": [],
  "releaseNameFormat": "Release-$(rev:r)",
  "tags": [],
  "properties": {
    "DefinitionCreationSource": {
      "$type": "System.String",
      "$value": "ReleaseNew"
    },
    "IntegrateBoardsWorkItems": {
      "$type": "System.String",
      "$value": "False"
    },
    "IntegrateJiraWorkItems": {
      "$type": "System.String",
      "$value": "false"
    }
  },
  "id": "",
  "name": "Build and distribute image - Not Used",
  "path": "\\",
  "projectReference": null,
  "url": "",
  "_links": "{}"
}