{
  "source": "userInterface",
  "revision": 7,
  "description": null,
  "createdBy": "{}",
  "createdOn": "",
  "modifiedBy": "{}",
  "modifiedOn": "",
  "isDeleted": false,
  "lastRelease": {
    "id": 20,
    "name": "Release-2",
    "artifacts": [],
    "_links": {},
    "description": "",
    "releaseDefinition": {
      "id": 3,
      "projectReference": null,
      "_links": {}
    },
    "createdOn": "2020-03-31T00:04:58.093Z",
    "createdBy": {
      "displayName": "Paul Yu",
      "url": "https://spsprodeus27.vssps.visualstudio.com/Adba6ead1-a50b-4319-961f-dcd6b1abcca6/_apis/Identities/73f88e34-781c-678b-a6e1-24d4e7ee6ebb",
      "_links": {
        "avatar": {
          "href": "https://dev.azure.com/paulyu/_apis/GraphProfile/MemberAvatars/aad.NzNmODhlMzQtNzgxYy03NzhiLWE2ZTEtMjRkNGU3ZWU2ZWJi"
        }
      },
      "id": "73f88e34-781c-678b-a6e1-24d4e7ee6ebb",
      "uniqueName": "paul@paulyu.work",
      "imageUrl": "https://dev.azure.com/paulyu/_apis/GraphProfile/MemberAvatars/aad.NzNmODhlMzQtNzgxYy03NzhiLWE2ZTEtMjRkNGU3ZWU2ZWJi",
      "descriptor": "aad.NzNmODhlMzQtNzgxYy03NzhiLWE2ZTEtMjRkNGU3ZWU2ZWJi"
    }
  },
  "variables": {
    "parameters.aadTenantId.value": {
      "value": "df64cfee-b682-451f-8617-b2466dd17f83"
    },
    "parameters.defaultDesktopUsers.value": {
      "value": "",
      "allowOverride": true
    },
    "parameters.domainToJoin.value": {
      "value": "paulyu.work"
    },
    "parameters.existingDomainPassword.value": {
      "value": null,
      "isSecret": true
    },
    "parameters.existingDomainUPN.value": {
      "value": "paul@paulyu.work"
    },
    "parameters.existingSubnetName.value": {
      "value": "ComputeSubnet"
    },
    "parameters.existingTenantName.value": {
      "value": "PY-STAGE",
      "allowOverride": true
    },
    "parameters.existingVnetName.value": {
      "value": "py-wvd-vnet"
    },
    "parameters.hostPoolName.value": {
      "value": "Windows 10",
      "allowOverride": true
    },
    "parameters.isServicePrincipal.value": {
      "value": "false"
    },
    "parameters.location.value": {
      "value": "centralus"
    },
    "parameters.ouPath.value": {
      "value": "OU=WVD,DC=paulyu,DC=work"
    },
    "parameters.rdshNamePrefix.value": {
      "value": "pystg$(Build.BuildNumber)",
      "allowOverride": true
    },
    "parameters.rdshNumberOfInstances.value": {
      "value": "1",
      "allowOverride": true
    },
    "parameters.rdshVMDiskType.value": {
      "value": "StandardSSD_LRS",
      "allowOverride": true
    },
    "parameters.rdshVmSize.value": {
      "value": "Standard_D2s_v3",
      "allowOverride": true
    },
    "parameters.SharedImageGalleryImageDefinitionName.value": {
      "value": "19h2-evd-o365pp"
    },
    "parameters.SharedImageGalleryImageVersionName.value": {
      "value": "latest"
    },
    "parameters.SharedImageGalleryName.value": {
      "value": "pycoresig01"
    },
    "parameters.tenantAdminPassword.value": {
      "value": null,
      "isSecret": true
    },
    "parameters.tenantAdminUpnOrApplicationId.value": {
      "value": "paul@paulyu.work"
    },
    "parameters.virtualNetworkResourceGroupName.value": {
      "value": "py-wvd-rg"
    }
  },
  "variableGroups": [],
  "environments": [
    {
      "id": 5,
      "name": "Deploy Host Pool",
      "rank": 1,
      "owner": {
        "displayName": "$OwnerDisplayName$",
        "url": "",
        "_links": "{}",
        "id": "$OwnerId$",
        "uniqueName": "$OwnerUniqueName$",
        "imageUrl": "",
        "descriptor": ""
      },
      "variables": {},
      "variableGroups": [],
      "preDeployApprovals": {
        "approvals": [
          {
            "rank": 1,
            "isAutomated": true,
            "isNotificationOn": false,
            "id": 13
          }
        ],
        "approvalOptions": {
          "requiredApproverCount": null,
          "releaseCreatorCanBeApprover": false,
          "autoTriggeredAndPreviousEnvironmentApprovedCanBeSkipped": false,
          "enforceIdentityRevalidation": false,
          "timeoutInMinutes": 0,
          "executionOrder": "beforeGates"
        }
      },
      "deployStep": {
        "id": 14
      },
      "postDeployApprovals": {
        "approvals": [
          {
            "rank": 1,
            "isAutomated": true,
            "isNotificationOn": false,
            "id": 15
          }
        ],
        "approvalOptions": {
          "requiredApproverCount": null,
          "releaseCreatorCanBeApprover": false,
          "autoTriggeredAndPreviousEnvironmentApprovedCanBeSkipped": false,
          "enforceIdentityRevalidation": false,
          "timeoutInMinutes": 0,
          "executionOrder": "afterSuccessfulGates"
        }
      },
      "deployPhases": [
        {
          "deploymentInput": {
            "parallelExecution": {
              "parallelExecutionType": "none"
            },
            "agentSpecification": {
              "identifier": "vs2017-win2016"
            },
            "skipArtifactsDownload": false,
            "artifactsDownloadInput": {
              "downloadInputs": []
            },
            "queueId": "$Azure Pipelines$",
            "demands": [],
            "enableAccessToken": false,
            "timeoutInMinutes": 0,
            "jobCancelTimeoutInMinutes": 1,
            "condition": "succeeded()",
            "overrideInputs": {}
          },
          "rank": 1,
          "phaseType": "agentBasedDeployment",
          "name": "Agent job",
          "refName": null,
          "workflowTasks": [
            {
              "environment": {},
              "taskId": "8ce97e91-56cc-4743-bfab-9a9315be5f27",
              "version": "1.*",
              "name": "File Transform: ",
              "refName": "",
              "enabled": true,
              "alwaysRun": false,
              "continueOnError": false,
              "timeoutInMinutes": 0,
              "definitionType": "task",
              "overrideInputs": {},
              "condition": "succeeded()",
              "inputs": {
                "folderPath": "$(System.DefaultWorkingDirectory)/_WVDHostPool-CI/drop/templates",
                "enableXmlTransform": "false",
                "xmlTransformationRules": "-transform **\\*.Release.config -xml **\\*.config",
                "fileType": "json",
                "targetFiles": "**/*createParameters.json"
              }
            },
            {
              "environment": {},
              "taskId": "94a74903-f93f-4075-884f-dc11f34058b4",
              "version": "2.*",
              "name": "Azure Deployment:Create Or Update Resource Group action on py-wvd-stg-rg",
              "refName": "",
              "enabled": true,
              "alwaysRun": false,
              "continueOnError": false,
              "timeoutInMinutes": 0,
              "definitionType": "task",
              "overrideInputs": {},
              "condition": "succeeded()",
              "inputs": {
                "ConnectedServiceName": "",
                "action": "Create Or Update Resource Group",
                "resourceGroupName": "py-wvd-stg-rg",
                "location": "Central US",
                "templateLocation": "Linked artifact",
                "csmFileLink": "",
                "csmParametersFileLink": "",
                "csmFile": "$(System.DefaultWorkingDirectory)/_WVDHostPool-CI/drop/templates/createTemplate.json",
                "csmParametersFile": "$(System.DefaultWorkingDirectory)/_WVDHostPool-CI/drop/templates/createParameters.json",
                "overrideParameters": "",
                "deploymentMode": "Incremental",
                "enableDeploymentPrerequisites": "None",
                "deploymentGroupEndpoint": "",
                "project": "",
                "deploymentGroupName": "",
                "copyAzureVMTags": "true",
                "runAgentServiceAsUser": "false",
                "userName": "",
                "password": "",
                "outputVariable": "",
                "deploymentName": "",
                "deploymentOutputs": "",
                "addSpnToEnvironment": "false"
              }
            }
          ]
        }
      ],
      "environmentOptions": {
        "emailNotificationType": "OnlyOnFailure",
        "emailRecipients": "release.environment.owner;release.creator",
        "skipArtifactsDownload": false,
        "timeoutInMinutes": 0,
        "enableAccessToken": false,
        "publishDeploymentStatus": true,
        "badgeEnabled": false,
        "autoLinkWorkItems": false,
        "pullRequestDeploymentEnabled": false
      },
      "demands": [],
      "conditions": [
        {
          "name": "ReleaseStarted",
          "conditionType": "event",
          "value": ""
        }
      ],
      "executionPolicy": {
        "concurrencyCount": 1,
        "queueDepthCount": 0
      },
      "schedules": [],
      "currentRelease": {
        "id": 20,
        "url": "https://vsrm.dev.azure.com/paulyu/bdd9f35c-d2f0-4dbe-a8f7-6b4656d54bcc/_apis/Release/releases/20",
        "_links": {}
      },
      "retentionPolicy": {
        "daysToKeep": 30,
        "releasesToKeep": 3,
        "retainBuild": true
      },
      "processParameters": {},
      "properties": {
        "BoardsEnvironmentType": {
          "$type": "System.String",
          "$value": "unmapped"
        },
        "LinkBoardsWorkItems": {
          "$type": "System.String",
          "$value": "False"
        }
      },
      "preDeploymentGates": {
        "id": 0,
        "gatesOptions": null,
        "gates": []
      },
      "postDeploymentGates": {
        "id": 0,
        "gatesOptions": null,
        "gates": []
      },
      "environmentTriggers": [],
      "badgeUrl": ""
    }
  ],
  "artifacts": [
    {
      "sourceId": "$ProjectId$:$WVDHostPool-CI-id$",
      "type": "Build",
      "alias": "_WVDHostPool-CI",
      "definitionReference": {
        "artifactSourceDefinitionUrl": "{}",
        "defaultVersionBranch": {
          "id": "",
          "name": ""
        },
        "defaultVersionSpecific": {
          "id": "",
          "name": ""
        },
        "defaultVersionTags": {
          "id": "",
          "name": ""
        },
        "defaultVersionType": {
          "id": "latestType",
          "name": "Latest"
        },
        "definition": {
          "id": "$WVDHostPool-CI-id$",
          "name": "WVDHostPool-CI"
        },
        "definitions": {
          "id": "",
          "name": ""
        },
        "IsMultiDefinitionType": {
          "id": "False",
          "name": "False"
        },
        "project": {
          "id": "$ProjectId$",
          "name": "$ProjectName$"
        },
        "repository": {
          "id": "",
          "name": ""
        }
      },
      "isPrimary": true,
      "isRetained": false
    }
  ],
  "triggers": [],
  "releaseNameFormat": "Release-$(rev:r)",
  "tags": [],
  "properties": {
    "DefinitionCreationSource": {
      "$type": "System.String",
      "$value": "ReleaseClone"
    },
    "IntegrateBoardsWorkItems": {
      "$type": "System.String",
      "$value": "False"
    },
    "IntegrateJiraWorkItems": {
      "$type": "System.String",
      "$value": "false"
    }
  },
  "id": "",
  "name": "Create new host pool",
  "path": "\\",
  "projectReference": null,
  "url": "",
  "_links": "{}"
}