{
  "options": [
    {
      "enabled": true,
      "definition": {
        "id": "5d58cc01-7c75-450c-be18-a388ddb129ec"
      },
      "inputs": {
        "branchFilters": "[\"+refs/heads/*\"]",
        "additionalFields": "{}"
      }
    },
    {
      "enabled": true,
      "definition": {
        "id": "a9db38f9-9fdc-478c-b0f9-464221e58316"
      },
      "inputs": {
        "workItemType": "Bug",
        "assignToRequestor": "true",
        "additionalFields": "{}"
      }
    }
  ],
  "triggers": [
    {
      "branchFilters": [
        "+refs/heads/master"
      ],
      "pathFilters": [
        "+wvd/host-pools"
      ],
      "batchChanges": false,
      "maxConcurrentBuildsPerBranch": 1,
      "pollingInterval": 0,
      "triggerType": "continuousIntegration"
    },
    {
      "definition": {
        "id": 8,
        "url": "https://dev.azure.com/paulyu/bdd9f35c-d2f0-4dbe-a8f7-6b4656d54bcc/_apis/build/Definitions/8",
        "path": "\\",
        "queueStatus": "enabled",
        "project": {
          "id": "bdd9f35c-d2f0-4dbe-a8f7-6b4656d54bcc",
          "name": "work",
          "url": "https://dev.azure.com/paulyu/_apis/projects/bdd9f35c-d2f0-4dbe-a8f7-6b4656d54bcc",
          "state": "wellFormed",
          "revision": 407842453,
          "visibility": "private",
          "lastUpdateTime": "2020-04-02T14:17:30.953Z"
        }
      },
      "requiresSuccessfulBuild": true,
      "branchFilters": [
        "+refs/heads/master"
      ],
      "triggerType": "buildCompletion"
    }
  ],
  "variables": {
    "system.debug": {
      "value": "false",
      "allowOverride": true
    }
  },
  "properties": {},
  "tags": [],
  "_links": "{}",
  "buildNumberFormat": "$(DayOfYear)$(Rev:r)",
  "jobAuthorizationScope": "projectCollection",
  "jobTimeoutInMinutes": 60,
  "jobCancelTimeoutInMinutes": 5,
  "process": {
    "phases": [
      {
        "steps": [
          {
            "environment": {},
            "enabled": true,
            "continueOnError": false,
            "alwaysRun": false,
            "displayName": "Copy Files to: $(Build.ArtifactStagingDirectory)",
            "timeoutInMinutes": 0,
            "condition": "succeeded()",
            "task": {
              "id": "5bfb729a-a7c8-4a78-a7c3-8d717bb7c13c",
              "versionSpec": "2.*",
              "definitionType": "task"
            },
            "inputs": {
              "SourceFolder": "wvd/host-pools",
              "Contents": "**",
              "TargetFolder": "$(Build.ArtifactStagingDirectory)",
              "CleanTargetFolder": "false",
              "OverWrite": "false",
              "flattenFolders": "false",
              "preserveTimestamp": "false"
            }
          },
          {
            "environment": {},
            "enabled": true,
            "continueOnError": false,
            "alwaysRun": false,
            "displayName": "Publish Artifact: drop",
            "timeoutInMinutes": 0,
            "condition": "succeeded()",
            "task": {
              "id": "2ff763a7-ce83-4e1f-bc89-0ae63477cebe",
              "versionSpec": "1.*",
              "definitionType": "task"
            },
            "inputs": {
              "PathtoPublish": "$(Build.ArtifactStagingDirectory)",
              "ArtifactName": "drop",
              "ArtifactType": "Container",
              "TargetPath": "",
              "Parallel": "false",
              "ParallelCount": "8",
              "FileCopyOptions": ""
            }
          }
        ],
        "name": "Copy files and publish",
        "refName": "Job_1",
        "condition": "succeeded()",
        "target": {
          "executionOptions": {
            "type": 0
          },
          "allowScriptsAuthAccessOption": false,
          "type": 1,
          "queue": "{}"
        },
        "jobAuthorizationScope": "projectCollection"
      }
    ],
    "target": {
      "agentSpecification": {
        "identifier": "vs2017-win2016"
      }
    },
    "type": 1
  },
  "repository": {
    "properties": {
      "cleanOptions": "0",
      "labelSources": "0",
      "labelSourcesFormat": "$(build.buildNumber)",
      "reportBuildStatus": "true",
      "gitLfsSupport": "false",
      "skipSyncSource": "false",
      "checkoutNestedSubmodules": "false",
      "fetchDepth": "0",
      "connectedServiceId": ""
    },
    "id": "$work$",
    "type": "TfsGit",
    "name": "work",
    "url": "",
    "defaultBranch": "refs/heads/master",
    "clean": "false",
    "checkoutSubmodules": false
  },
  "processParameters": {},
  "quality": "definition",
  "authoredBy": "{}",
  "drafts": [],
  "queue": {
    "_links": "{}",
    "id": "",
    "name": "Azure Pipelines",
    "url": "",
    "pool": {
      "id": "",
      "name": "Azure Pipelines",
      "isHosted": true
    }
  },
  "id": "",
  "name": "hostpool",
  "url": "",
  "uri": "",
  "path": "\\",
  "type": "build",
  "queueStatus": "enabled",
  "revision": 11,
  "createdDate": "",
  "project": "{}"
}