{
  "triggers": [],
  "properties": {},
  "tags": [],
  "_links": "{}",
  "comment": "Update variables",
  "jobAuthorizationScope": "projectCollection",
  "jobTimeoutInMinutes": 60,
  "jobCancelTimeoutInMinutes": 5,
  "process": {
    "yamlFilename": "azure-pipelines.yml",
    "type": 2
  },
  "repository": {
    "properties": {
      "cloneUrl": "https://paulyu@dev.azure.com/paulyu/work/_git/work",
      "fullName": "work",
      "defaultBranch": "refs/heads/master",
      "isFork": "False",
      "safeRepository": "e116be14-d92e-428f-b092-bcf7510c4aee",
      "reportBuildStatus": "true"
    },
    "id": "e116be14-d92e-428f-b092-bcf7510c4aee",
    "type": "TfsGit",
    "name": "work",
    "url": "https://$Organization$@dev.azure.com/$Organization$/$ProjectName$/_git/work",
    "defaultBranch": "refs/heads/master",
    "clean": null,
    "checkoutSubmodules": false
  },
  "quality": "definition",
  "authoredBy": "{}",
  "drafts": [],
  "queue": {
    "_links": {
      "self": {
        "href": "https://dev.azure.com/$Organization$/_apis/build/Queues/$Hosted Ubuntu 1604$"
      }
    },
    "id": "$Hosted Ubuntu 1604$",
    "name": "Hosted Ubuntu 1604",
    "url": "https://dev.azure.com/$Organization$/_apis/build/Queues/$Hosted Ubuntu 1604$",
    "pool": {
      "id": "",
      "name": "Hosted Ubuntu 1604",
      "isHosted": true
    }
  },
  "id": "",
  "name": "work",
  "url": "",
  "uri": "",
  "path": "\\",
  "type": "build",
  "queueStatus": "enabled",
  "revision": 8,
  "createdDate": "",
  "project": "{}"
}