{
  "count": 2,
  "value": [
    {
      "variables": {
        "parameters.aadTenantId.value": {
          "value": "df64cfee-b682-451f-8617-b2466dd17f83"
        },
        "parameters.actionOnPreviousVirtualMachines.value": {
          "value": "Deallocate"
        },
        "parameters.domainToJoin.value": {
          "value": "paulyu.work"
        },
        "parameters.existingDomainPassword.value": {
          "value": null,
          "isSecret": true
        },
        "parameters.existingDomainUPN.value": {
          "value": "paul@paulyu.work"
        },
        "parameters.existingHostpoolName.value": {
          "value": "Windows 10"
        },
        "parameters.existingSubnetName.value": {
          "value": "ComputeSubnet"
        },
        "parameters.existingTenantName.value": {
          "value": "PY-STAGE"
        },
        "parameters.existingVnetName.value": {
          "value": "py-wvd-vnet"
        },
        "parameters.isServicePrincipal.value": {
          "value": "false"
        },
        "parameters.location.value": {
          "value": "centralus"
        },
        "parameters.ouPath.value": {
          "value": "OU=WVD,DC=paulyu,DC=work"
        },
        "parameters.rdshNamePrefix.value": {
          "value": "pystg$(Build.BuildNumber)"
        },
        "parameters.rdshNumberOfInstances.value": {
          "value": "2"
        },
        "parameters.rdshVMDiskType.value": {
          "value": "StandardSSD_LRS"
        },
        "parameters.rdshVmSize.value": {
          "value": "Standard_B2ms"
        },
        "parameters.SharedImageGalleryImageDefinitionName.value": {
          "value": "19h2-evd-o365pp"
        },
        "parameters.SharedImageGalleryImageVersionName.value": {
          "value": "latest"
        },
        "parameters.SharedImageGalleryName.value": {
          "value": "pycoresig01"
        },
        "parameters.tenantAdminPassword.value": {
          "value": null,
          "isSecret": true
        },
        "parameters.tenantAdminUpnOrApplicationId.value": {
          "value": "paul@paulyu.work"
        },
        "parameters.userLogoffDelayInMinutes.value": {
          "value": "1"
        },
        "parameters.virtualNetworkResourceGroupName.value": {
          "value": "py-wvd-rg"
        }
      },
      "id": "3",
      "type": "Vsts",
      "name": "PY-STG_Windows10",
      "isShared": false
    },
    {
      "variables": {
        "parameters.aadTenantId.value": {
          "value": "df64cfee-b682-451f-8617-b2466dd17f83"
        },
        "parameters.actionOnPreviousVirtualMachines.value": {
          "value": "Deallocate"
        },
        "parameters.domainToJoin.value": {
          "value": "paulyu.work"
        },
        "parameters.existingDomainPassword.value": {
          "value": null,
          "isSecret": true
        },
        "parameters.existingDomainUPN.value": {
          "value": "paul@paulyu.work"
        },
        "parameters.existingSubnetName.value": {
          "value": "ComputeSubnet"
        },
        "parameters.existingTenantName.value": {
          "value": "PY-PROD"
        },
        "parameters.existingVnetName.value": {
          "value": "py-wvd-vnet"
        },
        "parameters.hostpoolName.value": {
          "value": "Windows 10"
        },
        "parameters.isServicePrincipal.value": {
          "value": "false"
        },
        "parameters.location.value": {
          "value": "centralus"
        },
        "parameters.ouPath.value": {
          "value": "OU=WVD,DC=paulyu,DC=work"
        },
        "parameters.rdshNamePrefix.value": {
          "value": "pyprd$(Build.BuildNumber)"
        },
        "parameters.rdshNumberOfInstances.value": {
          "value": "2"
        },
        "parameters.rdshVMDiskType.value": {
          "value": "StandardSSD_LRS"
        },
        "parameters.rdshVmSize.value": {
          "value": "Standard_B2ms"
        },
        "parameters.SharedImageGalleryImageDefinitionName.value": {
          "value": "19h2-evd-o365pp"
        },
        "parameters.SharedImageGalleryImageVersionName.value": {
          "value": "latest"
        },
        "parameters.SharedImageGalleryName.value": {
          "value": "pycoresig01"
        },
        "parameters.tenantAdminPassword.value": {
          "value": null,
          "isSecret": true
        },
        "parameters.tenantAdminUpnOrApplicationId.value": {
          "value": "paul@paulyu.work"
        },
        "parameters.userLogoffDelayInMinutes.value": {
          "value": "1"
        },
        "parameters.virtualNetworkResourceGroupName.value": {
          "value": "py-wvd-rg"
        }
      },
      "id": "2",
      "type": "Vsts",
      "name": "PY-PRD_Windows10",
      "isShared": false
    }
  ]
}